[
  {
    "name": "Marseille",
    "subtitle": "Bouches-du-Rhône",
    "country": "France",
    "image_url": "http://localhost:8000/static/images/destinations/0_Marseille.jpg",
    "image_keyword": "Marseille France travel",
    "is_french": true
  },
  {
    "name": "Lyon",
    "subtitle": "Métropole de Lyon",
    "country": "France",
    "image_url": "http://localhost:8000/static/images/destinations/1_Lyon.jpg",
    "image_keyword": "Lyon France travel",
    "is_french": true
  },
  {
    "name": "Toulouse",
    "subtitle": "Haute-Garonne",
    "country": "France",
    "image_url": "http://localhost:8000/static/images/destinations/2_Toulouse.jpg",
    "image_keyword": "Toulouse France travel",
    "is_french": true
  },
  {
    "name": "Nice",
    "subtitle": "Alpes-Maritimes",
    "country": "France",
    "image_url": "http://localhost:8000/static/images/destinations/3_Nice.jpg",
    "image_keyword": "Nice France travel",
    "is_french": true
  },
  {
    "name": "Nantes",
    "subtitle": "Loire-Atlantique",
    "country": "France",
    "image_url": "http://localhost:8000/static/images/destinations/4_Nantes.jpg",
    "image_keyword": "Nantes France travel",
    "is_french": true
  },
  {
    "name": "Montpellier",
    "subtitle": "Hérault",
    "country": "France",
    "image_url": "http://localhost:8000/static/images/destinations/5_Montpellier.jpg",
    "image_keyword": "Montpellier France travel",
    "is_french": true
  },
  {
    "name": "Strasbourg",
    "subtitle": "Bas-Rhin",
    "country": "France",
    "image_url": "http://localhost:8000/static/images/destinations/6_Strasbourg.jpg",
    "image_keyword": "Strasbourg France travel",
    "is_french": true
  },
  {
    "name": "Bordeaux",
    "subtitle": "Gironde",
    "country": "France",
    "image_url": "http://localhost:8000/static/images/destinations/7_Bordeaux.jpg",
    "image_keyword": "Bordeaux France travel",
    "is_french": true
  },
  {
    "name": "Lille",
    "subtitle": "Nord",
    "country": "France",
    "image_url": "http://localhost:8000/static/images/destinations/8_Lille.jpg",
    "image_keyword": "Lille France travel",
    "is_french": true
  },
  {
    "name": "Rennes",
    "subtitle": "Ille-et-Vilaine",
    "country": "France",
    "image_url": "http://localhost:8000/static/images/destinations/9_Rennes.jpg",
    "image_keyword": "Rennes France travel",
    "is_french": true
  },
  {
    "name": "Toulon",
    "subtitle": "Var",
    "country": "France",
    "image_url": "http://localhost:8000/static/images/destinations/10_Toulon.jpg",
    "image_keyword": "Toulon France travel",
    "is_french": true
  },
  {
    "name": "Reims",
    "subtitle": "Marne",
    "country": "France",
    "image_url": "http://localhost:8000/static/images/destinations/11_Reims.jpg",
    "image_keyword": "Reims France travel",
    "is_french": true
  },
  {
    "name": "Saint-Étienne",
    "subtitle": "Loire",
    "country": "France",
    "image_url": "http://localhost:8000/static/images/destinations/12_Saint-Étienne.jpg",
    "image_keyword": "Saint-Étienne France travel",
    "is_french": true
  },
  {
    "name": "Le Havre",
    "subtitle": "Seine-Maritime",
    "country": "France",
    "image_url": "http://localhost:8000/static/images/destinations/13_LeHavre.jpg",
    "image_keyword": "Le Havre France travel",
    "is_french": true
  },
  {
    "name": "Villeurbanne",
    "subtitle": "communauté urbaine de Lyon",
    "country": "France",
    "image_url": "http://localhost:8000/static/images/destinations/14_Villeurbanne.jpg",
    "image_keyword": "Villeurbanne France travel",
    "is_french": true
  },
  {
    "name": "Dijon",
    "subtitle": "Côte-d'Or",
    "country": "France",
    "image_url": "http://localhost:8000/static/images/destinations/15_Dijon.jpg",
    "image_keyword": "Dijon France travel",
    "is_french": true
  },
  {
    "name": "Angers",
    "subtitle": "Maine-et-Loire",
    "country": "France",
    "image_url": "http://localhost:8000/static/images/destinations/16_Angers.jpg",
    "image_keyword": "Angers France travel",
    "is_french": true
  },
  {
    "name": "Grenoble",
    "subtitle": "Isère",
    "country": "France",
    "image_url": "http://localhost:8000/static/images/destinations/17_Grenoble.jpg",
    "image_keyword": "Grenoble France travel",
    "is_french": true
  },
  {
    "name": "Saint-Denis",
    "subtitle": "La Réunion",
    "country": "France",
    "image_url": "http://localhost:8000/static/images/destinations/18_Saint-Denis.jpg",
    "image_keyword": "Saint-Denis France travel",
    "is_french": true
  },
  {
    "name": "Nîmes",
    "subtitle": "Nîmes Métropole",
    "country": "France",
    "image_url": "http://localhost:8000/static/images/destinations/19_Nîmes.jpg",
    "image_keyword": "Nîmes France travel",
    "is_french": true
  },
  {
    "name": "Aix-en-Provence",
    "subtitle": "Bouches-du-Rhône",
    "country": "France",
    "image_url": "http://localhost:8000/static/images/destinations/20_Aix-en-Provence.jpg",
    "image_keyword": "Aix-en-Provence France travel",
    "is_french": true
  },
  {
    "name": "Clermont-Ferrand",
    "subtitle": "Puy-de-Dôme",
    "country": "France",
    "image_url": "http://localhost:8000/static/images/destinations/21_Clermont-Ferrand.jpg",
    "image_keyword": "Clermont-Ferrand France travel",
    "is_french": true
  },
  {
    "name": "Le Mans",
    "subtitle": "Sarthe",
    "country": "France",
    "image_url": "http://localhost:8000/static/images/destinations/22_LeMans.jpg",
    "image_keyword": "Le Mans France travel",
    "is_french": true
  },
  {
    "name": "Brest",
    "subtitle": "Finistère",
    "country": "France",
    "image_url": "http://localhost:8000/static/images/destinations/23_Brest.jpg",
    "image_keyword": "Brest France travel",
    "is_french": true
  },
  {
    "name": "Tours",
    "subtitle": "Indre-et-Loire",
    "country": "France",
    "image_url": "http://localhost:8000/static/images/destinations/24_Tours.jpg",
    "image_keyword": "Tours France travel",
    "is_french": true
  },
  {
    "name": "Amiens",
    "subtitle": "Somme",
    "country": "France",
    "image_url": "http://localhost:8000/static/images/destinations/25_Amiens.jpg",
    "image_keyword": "Amiens France travel",
    "is_french": true
  },
  {
    "name": "Annecy",
    "subtitle": "Haute-Savoie",
    "country": "France",
    "image_url": "http://localhost:8000/static/images/destinations/26_Annecy.jpg",
    "image_keyword": "Annecy France travel",
    "is_french": true
  },
  {
    "name": "Limoges",
    "subtitle": "Haute-Vienne",
    "country": "France",
    "image_url": "http://localhost:8000/static/images/destinations/27_Limoges.jpg",
    "image_keyword": "Limoges France travel",
    "is_french": true
  },
  {
    "name": "Metz",
    "subtitle": "Moselle",
    "country": "France",
    "image_url": "http://localhost:8000/static/images/destinations/28_Metz.jpg",
    "image_keyword": "Metz France travel",
    "is_french": true
  },
  {
    "name": "Perpignan",
    "subtitle": "Pyrénées-Orientales",
    "country": "France",
    "image_url": "http://localhost:8000/static/images/destinations/29_Perpignan.jpg",
    "image_keyword": "Perpignan France travel",
    "is_french": true
  },
  {
    "name": "Boulogne-Billancourt",
    "subtitle": "arrondissement de Boulogne-Billancourt",
    "country": "France",
    "image_url": "http://localhost:8000/static/images/destinations/30_Boulogne-Billancourt.jpg",
    "image_keyword": "Boulogne-Billancourt France travel",
    "is_french": true
  },
  {
    "name": "Besançon",
    "subtitle": "Doubs",
    "country": "France",
    "image_url": "http://localhost:8000/static/images/destinations/31_Besançon.jpg",
    "image_keyword": "Besançon France travel",
    "is_french": true
  },
  {
    "name": "Orléans",
    "subtitle": "Loiret",
    "country": "France",
    "image_url": "http://localhost:8000/static/images/destinations/32_Orléans.jpg",
    "image_keyword": "Orléans France travel",
    "is_french": true
  },
  {
    "name": "Rouen",
    "subtitle": "Seine-Maritime",
    "country": "France",
    "image_url": "http://localhost:8000/static/images/destinations/33_Rouen.jpg",
    "image_keyword": "Rouen France travel",
    "is_french": true
  },
  {
    "name": "Montreuil",
    "subtitle": "Seine-Saint-Denis",
    "country": "France",
    "image_url": "http://localhost:8000/static/images/destinations/34_Montreuil.jpg",
    "image_keyword": "Montreuil France travel",
    "is_french": true
  },
  {
    "name": "Caen",
    "subtitle": "Calvados",
    "country": "France",
    "image_url": "http://localhost:8000/static/images/destinations/35_Caen.jpg",
    "image_keyword": "Caen France travel",
    "is_french": true
  },
  {
    "name": "Argenteuil",
    "subtitle": "Val-d'Oise",
    "country": "France",
    "image_url": "http://localhost:8000/static/images/destinations/36_Argenteuil.jpg",
    "image_keyword": "Argenteuil France travel",
    "is_french": true
  },
  {
    "name": "Saint-Paul",
    "subtitle": "La Réunion",
    "country": "France",
    "image_url": "http://localhost:8000/static/images/destinations/37_Saint-Paul.jpg",
    "image_keyword": "Saint-Paul France travel",
    "is_french": true
  },
  {
    "name": "Mulhouse",
    "subtitle": "Haut-Rhin",
    "country": "France",
    "image_url": "http://localhost:8000/static/images/destinations/38_Mulhouse.jpg",
    "image_keyword": "Mulhouse France travel",
    "is_french": true
  },
  {
    "name": "Nancy",
    "subtitle": "Meurthe-et-Moselle",
    "country": "France",
    "image_url": "http://localhost:8000/static/images/destinations/39_Nancy.jpg",
    "image_keyword": "Nancy France travel",
    "is_french": true
  },
  {
    "name": "Roubaix",
    "subtitle": "arrondissement de Lille",
    "country": "France",
    "image_url": "http://localhost:8000/static/images/destinations/40_Roubaix.jpg",
    "image_keyword": "Roubaix France travel",
    "is_french": true
  },
  {
    "name": "Tourcoing",
    "subtitle": "Nord",
    "country": "France",
    "image_url": "http://localhost:8000/static/images/destinations/41_Tourcoing.jpg",
    "image_keyword": "Tourcoing France travel",
    "is_french": true
  },
  {
    "name": "Nanterre",
    "subtitle": "arrondissement de Nanterre",
    "country": "France",
    "image_url": "http://localhost:8000/static/images/destinations/42_Nanterre.jpg",
    "image_keyword": "Nanterre France travel",
    "is_french": true
  },
  {
    "name": "Nouméa",
    "subtitle": "Province Sud",
    "country": "France",
    "image_url": "http://localhost:8000/static/images/destinations/43_Nouméa.jpg",
    "image_keyword": "Nouméa France travel",
    "is_french": true
  },
  {
    "name": "Vitry-sur-Seine",
    "subtitle": "Val-de-Marne",
    "country": "France",
    "image_url": "http://localhost:8000/static/images/destinations/44_Vitry-sur-Seine.jpg",
    "image_keyword": "Vitry-sur-Seine France travel",
    "is_french": true
  },
  {
    "name": "Créteil",
    "subtitle": "Val-de-Marne",
    "country": "France",
    "image_url": "http://localhost:8000/static/images/destinations/45_Créteil.jpg",
    "image_keyword": "Créteil France travel",
    "is_french": true
  },
  {
    "name": "Avignon",
    "subtitle": "Vaucluse",
    "country": "France",
    "image_url": "http://localhost:8000/static/images/destinations/46_Avignon.jpg",
    "image_keyword": "Avignon France travel",
    "is_french": true
  },
  {
    "name": "Asnières-sur-Seine",
    "subtitle": "Hauts-de-Seine",
    "country": "France",
    "image_url": "http://localhost:8000/static/images/destinations/47_Asnières-sur-Seine.jpg",
    "image_keyword": "Asnières-sur-Seine France travel",
    "is_french": true
  },
  {
    "name": "Colombes",
    "subtitle": "Hauts-de-Seine",
    "country": "France",
    "image_url": "http://localhost:8000/static/images/destinations/48_Colombes.jpg",
    "image_keyword": "Colombes France travel",
    "is_french": true
  },
  {
    "name": "Aubervilliers",
    "subtitle": "Seine-Saint-Denis",
    "country": "France",
    "image_url": "http://localhost:8000/static/images/destinations/49_Aubervilliers.jpg",
    "image_keyword": "Aubervilliers France travel",
    "is_french": true
  },
  {
    "name": "Poitiers",
    "subtitle": "Vienne",
    "country": "France",
    "image_url": "http://localhost:8000/static/images/destinations/50_Poitiers.jpg",
    "image_keyword": "Poitiers France travel",
    "is_french": true
  },
  {
    "name": "Dunkerque",
    "subtitle": "arrondissement de Dunkerque",
    "country": "France",
    "image_url": "http://localhost:8000/static/images/destinations/51_Dunkerque.jpg",
    "image_keyword": "Dunkerque France travel",
    "is_french": true
  },
  {
    "name": "Aulnay-sous-Bois",
    "subtitle": "Seine-Saint-Denis",
    "country": "France",
    "image_url": "http://localhost:8000/static/images/destinations/52_Aulnay-sous-Bois.jpg",
    "image_keyword": "Aulnay-sous-Bois France travel",
    "is_french": true
  },
  {
    "name": "Saint-Pierre",
    "subtitle": "La Réunion",
    "country": "France",
    "image_url": "http://localhost:8000/static/images/destinations/53_Saint-Pierre.jpg",
    "image_keyword": "Saint-Pierre France travel",
    "is_french": true
  },
  {
    "name": "Versailles",
    "subtitle": "Yvelines",
    "country": "France",
    "image_url": "http://localhost:8000/static/images/destinations/54_Versailles.jpg",
    "image_keyword": "Versailles France travel",
    "is_french": true
  },
  {
    "name": "Le Tampon",
    "subtitle": "La Réunion",
    "country": "France",
    "image_url": "http://localhost:8000/static/images/destinations/55_LeTampon.jpg",
    "image_keyword": "Le Tampon France travel",
    "is_french": true
  },
  {
    "name": "Courbevoie",
    "subtitle": "Hauts-de-Seine",
    "country": "France",
    "image_url": "http://localhost:8000/static/images/destinations/56_Courbevoie.jpg",
    "image_keyword": "Courbevoie France travel",
    "is_french": true
  },
  {
    "name": "Rueil-Malmaison",
    "subtitle": "Hauts-de-Seine",
    "country": "France",
    "image_url": "http://localhost:8000/static/images/destinations/57_Rueil-Malmaison.jpg",
    "image_keyword": "Rueil-Malmaison France travel",
    "is_french": true
  },
  {
    "name": "Béziers",
    "subtitle": "Hérault",
    "country": "France",
    "image_url": "http://localhost:8000/static/images/destinations/58_Béziers.jpg",
    "image_keyword": "Béziers France travel",
    "is_french": true
  },
  {
    "name": "La Rochelle",
    "subtitle": "Charente-Maritime",
    "country": "France",
    "image_url": "http://localhost:8000/static/images/destinations/59_LaRochelle.jpg",
    "image_keyword": "La Rochelle France travel",
    "is_french": true
  },
  {
    "name": "Pau",
    "subtitle": "arrondissement de Pau",
    "country": "France",
    "image_url": "http://localhost:8000/static/images/destinations/60_Pau.jpg",
    "image_keyword": "Pau France travel",
    "is_french": true
  },
  {
    "name": "Champigny-sur-Marne",
    "subtitle": "Val-de-Marne",
    "country": "France",
    "image_url": "http://localhost:8000/static/images/destinations/61_Champigny-sur-Marne.jpg",
    "image_keyword": "Champigny-sur-Marne France travel",
    "is_french": true
  },
  {
    "name": "Cherbourg-en-Cotentin",
    "subtitle": "Manche",
    "country": "France",
    "image_url": "http://localhost:8000/static/images/destinations/62_Cherbourg-en-Cotentin.jpg",
    "image_keyword": "Cherbourg-en-Cotentin France travel",
    "is_french": true
  },
  {
    "name": "Mérignac",
    "subtitle": "Gironde",
    "country": "France",
    "image_url": "http://localhost:8000/static/images/destinations/63_Mérignac.jpg",
    "image_keyword": "Mérignac France travel",
    "is_french": true
  },
  {
    "name": "Antibes",
    "subtitle": "Alpes-Maritimes",
    "country": "France",
    "image_url": "http://localhost:8000/static/images/destinations/64_Antibes.jpg",
    "image_keyword": "Antibes France travel",
    "is_french": true
  },
  {
    "name": "Saint-Maur-des-Fossés",
    "subtitle": "Val-de-Marne",
    "country": "France",
    "image_url": "http://localhost:8000/static/images/destinations/65_Saint-Maur-des-Fossés.jpg",
    "image_keyword": "Saint-Maur-des-Fossés France travel",
    "is_french": true
  },
  {
    "name": "Ajaccio",
    "subtitle": "Corse-du-Sud",
    "country": "France",
    "image_url": "http://localhost:8000/static/images/destinations/66_Ajaccio.jpg",
    "image_keyword": "Ajaccio France travel",
    "is_french": true
  },
  {
    "name": "Fort-de-France",
    "subtitle": "Martinique",
    "country": "France",
    "image_url": "http://localhost:8000/static/images/destinations/67_Fort-de-France.jpg",
    "image_keyword": "Fort-de-France France travel",
    "is_french": true
  },
  {
    "name": "Cannes",
    "subtitle": "Alpes-Maritimes",
    "country": "France",
    "image_url": "http://localhost:8000/static/images/destinations/68_Cannes.jpg",
    "image_keyword": "Cannes France travel",
    "is_french": true
  },
  {
    "name": "Saint-Nazaire",
    "subtitle": "Loire-Atlantique",
    "country": "France",
    "image_url": "http://localhost:8000/static/images/destinations/69_Saint-Nazaire.jpg",
    "image_keyword": "Saint-Nazaire France travel",
    "is_french": true
  },
  {
    "name": "Noisy-le-Grand",
    "subtitle": "Seine-Saint-Denis",
    "country": "France",
    "image_url": "http://localhost:8000/static/images/destinations/70_Noisy-le-Grand.jpg",
    "image_keyword": "Noisy-le-Grand France travel",
    "is_french": true
  },
  {
    "name": "Mamoudzou",
    "subtitle": "Mayotte",
    "country": "France",
    "image_url": "http://localhost:8000/static/images/destinations/71_Mamoudzou.jpg",
    "image_keyword": "Mamoudzou France travel",
    "is_french": true
  },
  {
    "name": "Drancy",
    "subtitle": "Seine-Saint-Denis",
    "country": "France",
    "image_url": "http://localhost:8000/static/images/destinations/72_Drancy.jpg",
    "image_keyword": "Drancy France travel",
    "is_french": true
  },
  {
    "name": "Cergy",
    "subtitle": "Val-d'Oise",
    "country": "France",
    "image_url": "http://localhost:8000/static/images/destinations/73_Cergy.jpg",
    "image_keyword": "Cergy France travel",
    "is_french": true
  },
  {
    "name": "Levallois-Perret",
    "subtitle": "Hauts-de-Seine",
    "country": "France",
    "image_url": "http://localhost:8000/static/images/destinations/74_Levallois-Perret.jpg",
    "image_keyword": "Levallois-Perret France travel",
    "is_french": true
  },
  {
    "name": "Issy-les-Moulineaux",
    "subtitle": "Hauts-de-Seine",
    "country": "France",
    "image_url": "http://localhost:8000/static/images/destinations/75_Issy-les-Moulineaux.jpg",
    "image_keyword": "Issy-les-Moulineaux France travel",
    "is_french": true
  },
  {
    "name": "Calais",
    "subtitle": "Pas-de-Calais",
    "country": "France",
    "image_url": "http://localhost:8000/static/images/destinations/76_Calais.jpg",
    "image_keyword": "Calais France travel",
    "is_french": true
  },
  {
    "name": "Colmar",
    "subtitle": "Haut-Rhin",
    "country": "France",
    "image_url": "http://localhost:8000/static/images/destinations/77_Colmar.jpg",
    "image_keyword": "Colmar France travel",
    "is_french": true
  },
  {
    "name": "Pessac",
    "subtitle": "Gironde",
    "country": "France",
    "image_url": "http://localhost:8000/static/images/destinations/78_Pessac.jpg",
    "image_keyword": "Pessac France travel",
    "is_french": true
  },
  {
    "name": "Vénissieux",
    "subtitle": "Métropole de Lyon",
    "country": "France",
    "image_url": "http://localhost:8000/static/images/destinations/79_Vénissieux.jpg",
    "image_keyword": "Vénissieux France travel",
    "is_french": true
  },
  {
    "name": "Évry-Courcouronnes",
    "subtitle": "Essonne",
    "country": "France",
    "image_url": "http://localhost:8000/static/images/destinations/80_Évry-Courcouronnes.jpg",
    "image_keyword": "Évry-Courcouronnes France travel",
    "is_french": true
  },
  {
    "name": "Clichy",
    "subtitle": "Hauts-de-Seine",
    "country": "France",
    "image_url": "http://localhost:8000/static/images/destinations/81_Clichy.jpg",
    "image_keyword": "Clichy France travel",
    "is_french": true
  },
  {
    "name": "Quimper",
    "subtitle": "arrondissement de Quimper",
    "country": "France",
    "image_url": "http://localhost:8000/static/images/destinations/82_Quimper.jpg",
    "image_keyword": "Quimper France travel",
    "is_french": true
  },
  {
    "name": "Ivry-sur-Seine",
    "subtitle": "Val-de-Marne",
    "country": "France",
    "image_url": "http://localhost:8000/static/images/destinations/83_Ivry-sur-Seine.jpg",
    "image_keyword": "Ivry-sur-Seine France travel",
    "is_french": true
  },
  {
    "name": "Valence",
    "subtitle": "Drôme",
    "country": "France",
    "image_url": "http://localhost:8000/static/images/destinations/84_Valence.jpg",
    "image_keyword": "Valence France travel",
    "is_french": true
  },
  {
    "name": "Bourges",
    "subtitle": "Cher",
    "country": "France",
    "image_url": "http://localhost:8000/static/images/destinations/85_Bourges.jpg",
    "image_keyword": "Bourges France travel",
    "is_french": true
  },
  {
    "name": "Antony",
    "subtitle": "Hauts-de-Seine",
    "country": "France",
    "image_url": "http://localhost:8000/static/images/destinations/86_Antony.jpg",
    "image_keyword": "Antony France travel",
    "is_french": true
  },
  {
    "name": "Cayenne",
    "subtitle": "Guyane",
    "country": "France",
    "image_url": "http://localhost:8000/static/images/destinations/87_Cayenne.jpg",
    "image_keyword": "Cayenne France travel",
    "is_french": true
  },
  {
    "name": "La Seyne-sur-Mer",
    "subtitle": "Var",
    "country": "France",
    "image_url": "http://localhost:8000/static/images/destinations/88_LaSeyne-sur-Mer.jpg",
    "image_keyword": "La Seyne-sur-Mer France travel",
    "is_french": true
  },
  {
    "name": "Montauban",
    "subtitle": "Tarn-et-Garonne",
    "country": "France",
    "image_url": "http://localhost:8000/static/images/destinations/89_Montauban.jpg",
    "image_keyword": "Montauban France travel",
    "is_french": true
  },
  {
    "name": "Troyes",
    "subtitle": "Aube",
    "country": "France",
    "image_url": "http://localhost:8000/static/images/destinations/90_Troyes.jpg",
    "image_keyword": "Troyes France travel",
    "is_french": true
  },
  {
    "name": "Villeneuve-d'Ascq",
    "subtitle": "Nord",
    "country": "France",
    "image_url": "http://localhost:8000/static/images/destinations/91_Villeneuve-dAscq.jpg",
    "image_keyword": "Villeneuve-d'Ascq France travel",
    "is_french": true
  },
  {
    "name": "Pantin",
    "subtitle": "Seine-Saint-Denis",
    "country": "France",
    "image_url": "http://localhost:8000/static/images/destinations/92_Pantin.jpg",
    "image_keyword": "Pantin France travel",
    "is_french": true
  },
  {
    "name": "Chambéry",
    "subtitle": "Savoie",
    "country": "France",
    "image_url": "http://localhost:8000/static/images/destinations/93_Chambéry.jpg",
    "image_keyword": "Chambéry France travel",
    "is_french": true
  },
  {
    "name": "Londres",
    "subtitle": "Royaume-Uni",
    "country": "Royaume-Uni",
    "image_url": "http://localhost:8000/static/images/destinations/94_Londres.jpg",
    "image_keyword": "Londres Royaume-Uni travel",
    "is_french": false
  },
  {
    "name": "Berlin",
    "subtitle": "Allemagne",
    "country": "Allemagne",
    "image_url": "http://localhost:8000/static/images/destinations/95_Berlin.jpg",
    "image_keyword": "Berlin Allemagne travel",
    "is_french": false
  },
  {
    "name": "Madrid",
    "subtitle": "Espagne",
    "country": "Espagne",
    "image_url": "http://localhost:8000/static/images/destinations/96_Madrid.jpg",
    "image_keyword": "Madrid Espagne travel",
    "is_french": false
  },
  {
    "name": "Ville de Madrid",
    "subtitle": "Espagne",
    "country": "Espagne",
    "image_url": null,
    "image_keyword": "Ville de Madrid Espagne travel",
    "is_french": false
  },
  {
    "name": "Rome",
    "subtitle": "Italie",
    "country": "Italie",
    "image_url": "http://localhost:8000/static/images/destinations/98_Rome.jpg",
    "image_keyword": "Rome Italie travel",
    "is_french": false
  },
  {
    "name": "Paris",
    "subtitle": "France",
    "country": "France",
    "image_url": "http://localhost:8000/static/images/destinations/99_Paris.jpg",
    "image_keyword": "Paris France travel",
    "is_french": true
  },
  {
    "name": "Vienne",
    "subtitle": "Autriche",
    "country": "Autriche",
    "image_url": "http://localhost:8000/static/images/destinations/100_Vienne.jpg",
    "image_keyword": "Vienne Autriche travel",
    "is_french": false
  },
  {
    "name": "Hambourg",
    "subtitle": "Allemagne",
    "country": "Allemagne",
    "image_url": "http://localhost:8000/static/images/destinations/101_Hambourg.jpg",
    "image_keyword": "Hambourg Allemagne travel",
    "is_french": false
  },
  {
    "name": "Barcelone",
    "subtitle": "Espagne",
    "country": "Espagne",
    "image_url": "http://localhost:8000/static/images/destinations/102_Barcelone.jpg",
    "image_keyword": "Barcelone Espagne travel",
    "is_french": false
  },
  {
    "name": "Munich",
    "subtitle": "Allemagne",
    "country": "Allemagne",
    "image_url": "http://localhost:8000/static/images/destinations/103_Munich.jpg",
    "image_keyword": "Munich Allemagne travel",
    "is_french": false
  },
  {
    "name": "Métropole de Lyon",
    "subtitle": "France",
    "country": "France",
    "image_url": "http://localhost:8000/static/images/destinations/104_MétropoledeLyon.jpg",
    "image_keyword": "Métropole de Lyon France travel",
    "is_french": true
  },
  {
    "name": "Milan",
    "subtitle": "Italie",
    "country": "Italie",
    "image_url": "http://localhost:8000/static/images/destinations/105_Milan.jpg",
    "image_keyword": "Milan Italie travel",
    "is_french": false
  },
  {
    "name": "Région de Bruxelles-Capitale",
    "subtitle": "Belgique",
    "country": "Belgique",
    "image_url": "http://localhost:8000/static/images/destinations/106_RégiondeBruxelles-Capitale.jpg",
    "image_keyword": "Région de Bruxelles-Capitale Belgique travel",
    "is_french": false
  },
  {
    "name": "Birmingham",
    "subtitle": "Royaume-Uni",
    "country": "Royaume-Uni",
    "image_url": "http://localhost:8000/static/images/destinations/107_Birmingham.jpg",
    "image_keyword": "Birmingham Royaume-Uni travel",
    "is_french": false
  },
  {
    "name": "Cologne",
    "subtitle": "Allemagne",
    "country": "Allemagne",
    "image_url": "http://localhost:8000/static/images/destinations/108_Cologne.jpg",
    "image_keyword": "Cologne Allemagne travel",
    "is_french": false
  },
  {
    "name": "Naples",
    "subtitle": "Italie",
    "country": "Italie",
    "image_url": "http://localhost:8000/static/images/destinations/109_Naples.jpg",
    "image_keyword": "Naples Italie travel",
    "is_french": false
  },
  {
    "name": "Turin",
    "subtitle": "Italie",
    "country": "Italie",
    "image_url": "http://localhost:8000/static/images/destinations/110_Turin.jpg",
    "image_keyword": "Turin Italie travel",
    "is_french": false
  },
  {
    "name": "Francfort-sur-le-Main",
    "subtitle": "Allemagne",
    "country": "Allemagne",
    "image_url": "http://localhost:8000/static/images/destinations/111_Francfort-sur-le-Main.jpg",
    "image_keyword": "Francfort-sur-le-Main Allemagne travel",
    "is_french": false
  },
  {
    "name": "ville de Valence",
    "subtitle": "Espagne",
    "country": "Espagne",
    "image_url": "http://localhost:8000/static/images/destinations/112_villedeValence.jpg",
    "image_keyword": "ville de Valence Espagne travel",
    "is_french": false
  },
  {
    "name": "land de Brême",
    "subtitle": "Allemagne",
    "country": "Allemagne",
    "image_url": "http://localhost:8000/static/images/destinations/113_landdeBrême.jpg",
    "image_keyword": "land de Brême Allemagne travel",
    "is_french": false
  },
  {
    "name": "Sevilla",
    "subtitle": "Espagne",
    "country": "Espagne",
    "image_url": "http://localhost:8000/static/images/destinations/114_Sevilla.jpg",
    "image_keyword": "Sevilla Espagne travel",
    "is_french": false
  },
  {
    "name": "Ville de Saragosse",
    "subtitle": "Espagne",
    "country": "Espagne",
    "image_url": "http://localhost:8000/static/images/destinations/115_VilledeSaragosse.jpg",
    "image_keyword": "Ville de Saragosse Espagne travel",
    "is_french": false
  },
  {
    "name": "Stuttgart",
    "subtitle": "Allemagne",
    "country": "Allemagne",
    "image_url": "http://localhost:8000/static/images/destinations/116_Stuttgart.jpg",
    "image_keyword": "Stuttgart Allemagne travel",
    "is_french": false
  },
  {
    "name": "Düsseldorf",
    "subtitle": "Allemagne",
    "country": "Allemagne",
    "image_url": "http://localhost:8000/static/images/destinations/117_Düsseldorf.jpg",
    "image_keyword": "Düsseldorf Allemagne travel",
    "is_french": false
  },
  {
    "name": "Palerme",
    "subtitle": "Italie",
    "country": "Italie",
    "image_url": "http://localhost:8000/static/images/destinations/118_Palerme.jpg",
    "image_keyword": "Palerme Italie travel",
    "is_french": false
  },
  {
    "name": "Glasgow",
    "subtitle": "Royaume-Uni",
    "country": "Royaume-Uni",
    "image_url": "http://localhost:8000/static/images/destinations/119_Glasgow.jpg",
    "image_keyword": "Glasgow Royaume-Uni travel",
    "is_french": false
  },
  {
    "name": "Leipzig",
    "subtitle": "Allemagne",
    "country": "Allemagne",
    "image_url": "http://localhost:8000/static/images/destinations/120_Leipzig.jpg",
    "image_keyword": "Leipzig Allemagne travel",
    "is_french": false
  },
  {
    "name": "Dortmund",
    "subtitle": "Allemagne",
    "country": "Allemagne",
    "image_url": "http://localhost:8000/static/images/destinations/121_Dortmund.jpg",
    "image_keyword": "Dortmund Allemagne travel",
    "is_french": false
  },
  {
    "name": "Essen",
    "subtitle": "Allemagne",
    "country": "Allemagne",
    "image_url": "http://localhost:8000/static/images/destinations/122_Essen.jpg",
    "image_keyword": "Essen Allemagne travel",
    "is_french": false
  },
  {
    "name": "Brême",
    "subtitle": "Allemagne",
    "country": "Allemagne",
    "image_url": "http://localhost:8000/static/images/destinations/123_Brême.jpg",
    "image_keyword": "Brême Allemagne travel",
    "is_french": false
  },
  {
    "name": "Dresde",
    "subtitle": "Allemagne",
    "country": "Allemagne",
    "image_url": "http://localhost:8000/static/images/destinations/124_Dresde.jpg",
    "image_keyword": "Dresde Allemagne travel",
    "is_french": false
  },
  {
    "name": "Gênes",
    "subtitle": "Italie",
    "country": "Italie",
    "image_url": "http://localhost:8000/static/images/destinations/125_Gênes.jpg",
    "image_keyword": "Gênes Italie travel",
    "is_french": false
  },
  {
    "name": "Hanovre",
    "subtitle": "Allemagne",
    "country": "Allemagne",
    "image_url": "http://localhost:8000/static/images/destinations/126_Hanovre.jpg",
    "image_keyword": "Hanovre Allemagne travel",
    "is_french": false
  },
  {
    "name": "Manchester",
    "subtitle": "Royaume-Uni",
    "country": "Royaume-Uni",
    "image_url": "http://localhost:8000/static/images/destinations/127_Manchester.jpg",
    "image_keyword": "Manchester Royaume-Uni travel",
    "is_french": false
  },
  {
    "name": "Ville de Málaga",
    "subtitle": "Espagne",
    "country": "Espagne",
    "image_url": null,
    "image_keyword": "Ville de Málaga Espagne travel",
    "is_french": false
  },
  {
    "name": "Leeds",
    "subtitle": "Royaume-Uni",
    "country": "Royaume-Uni",
    "image_url": "http://localhost:8000/static/images/destinations/129_Leeds.jpg",
    "image_keyword": "Leeds Royaume-Uni travel",
    "is_french": false
  },
  {
    "name": "Anvers",
    "subtitle": "Belgique",
    "country": "Belgique",
    "image_url": "http://localhost:8000/static/images/destinations/130_Anvers.jpg",
    "image_keyword": "Anvers Belgique travel",
    "is_french": false
  },
  {
    "name": "Nuremberg",
    "subtitle": "Allemagne",
    "country": "Allemagne",
    "image_url": "http://localhost:8000/static/images/destinations/131_Nuremberg.jpg",
    "image_keyword": "Nuremberg Allemagne travel",
    "is_french": false
  },
  {
    "name": "Sheffield",
    "subtitle": "Royaume-Uni",
    "country": "Royaume-Uni",
    "image_url": "http://localhost:8000/static/images/destinations/132_Sheffield.jpg",
    "image_keyword": "Sheffield Royaume-Uni travel",
    "is_french": false
  },
  {
    "name": "Liverpool",
    "subtitle": "Royaume-Uni",
    "country": "Royaume-Uni",
    "image_url": "http://localhost:8000/static/images/destinations/133_Liverpool.jpg",
    "image_keyword": "Liverpool Royaume-Uni travel",
    "is_french": false
  },
  {
    "name": "Duisbourg",
    "subtitle": "Allemagne",
    "country": "Allemagne",
    "image_url": "http://localhost:8000/static/images/destinations/134_Duisbourg.jpg",
    "image_keyword": "Duisbourg Allemagne travel",
    "is_french": false
  },
  {
    "name": "Édimbourg",
    "subtitle": "Royaume-Uni",
    "country": "Royaume-Uni",
    "image_url": "http://localhost:8000/static/images/destinations/135_Édimbourg.jpg",
    "image_keyword": "Édimbourg Royaume-Uni travel",
    "is_french": false
  },
  {
    "name": "Bristol",
    "subtitle": "Royaume-Uni",
    "country": "Royaume-Uni",
    "image_url": "http://localhost:8000/static/images/destinations/136_Bristol.jpg",
    "image_keyword": "Bristol Royaume-Uni travel",
    "is_french": false
  },
  {
    "name": "Leicester",
    "subtitle": "Royaume-Uni",
    "country": "Royaume-Uni",
    "image_url": "http://localhost:8000/static/images/destinations/137_Leicester.jpg",
    "image_keyword": "Leicester Royaume-Uni travel",
    "is_french": false
  },
  {
    "name": "Zurich",
    "subtitle": "Suisse",
    "country": "Suisse",
    "image_url": "http://localhost:8000/static/images/destinations/138_Zurich.jpg",
    "image_keyword": "Zurich Suisse travel",
    "is_french": false
  },
  {
    "name": "Palma",
    "subtitle": "Espagne",
    "country": "Espagne",
    "image_url": "http://localhost:8000/static/images/destinations/139_Palma.jpg",
    "image_keyword": "Palma Espagne travel",
    "is_french": false
  },
  {
    "name": "Bologne",
    "subtitle": "Italie",
    "country": "Italie",
    "image_url": "http://localhost:8000/static/images/destinations/140_Bologne.jpg",
    "image_keyword": "Bologne Italie travel",
    "is_french": false
  },
  {
    "name": "Cardiff",
    "subtitle": "Royaume-Uni",
    "country": "Royaume-Uni",
    "image_url": "http://localhost:8000/static/images/destinations/141_Cardiff.jpg",
    "image_keyword": "Cardiff Royaume-Uni travel",
    "is_french": false
  },
  {
    "name": "Bochum",
    "subtitle": "Allemagne",
    "country": "Allemagne",
    "image_url": "http://localhost:8000/static/images/destinations/142_Bochum.jpg",
    "image_keyword": "Bochum Allemagne travel",
    "is_french": false
  },
  {
    "name": "Coventry",
    "subtitle": "Royaume-Uni",
    "country": "Royaume-Uni",
    "image_url": "http://localhost:8000/static/images/destinations/143_Coventry.jpg",
    "image_keyword": "Coventry Royaume-Uni travel",
    "is_french": false
  },
  {
    "name": "Florence",
    "subtitle": "Italie",
    "country": "Italie",
    "image_url": "http://localhost:8000/static/images/destinations/144_Florence.jpg",
    "image_keyword": "Florence Italie travel",
    "is_french": false
  },
  {
    "name": "Wuppertal",
    "subtitle": "Allemagne",
    "country": "Allemagne",
    "image_url": "http://localhost:8000/static/images/destinations/145_Wuppertal.jpg",
    "image_keyword": "Wuppertal Allemagne travel",
    "is_french": false
  },
  {
    "name": "Alicante",
    "subtitle": "Espagne",
    "country": "Espagne",
    "image_url": "http://localhost:8000/static/images/destinations/146_Alicante.jpg",
    "image_keyword": "Alicante Espagne travel",
    "is_french": false
  },
  {
    "name": "Belfast",
    "subtitle": "Royaume-Uni",
    "country": "Royaume-Uni",
    "image_url": "http://localhost:8000/static/images/destinations/147_Belfast.jpg",
    "image_keyword": "Belfast Royaume-Uni travel",
    "is_french": false
  },
  {
    "name": "Bielefeld",
    "subtitle": "Allemagne",
    "country": "Allemagne",
    "image_url": "http://localhost:8000/static/images/destinations/148_Bielefeld.jpg",
    "image_keyword": "Bielefeld Allemagne travel",
    "is_french": false
  },
  {
    "name": "Bonn",
    "subtitle": "Allemagne",
    "country": "Allemagne",
    "image_url": "http://localhost:8000/static/images/destinations/149_Bonn.jpg",
    "image_keyword": "Bonn Allemagne travel",
    "is_french": false
  },
  {
    "name": "Territoire libre de Trieste",
    "subtitle": "Italie",
    "country": "Italie",
    "image_url": null,
    "image_keyword": "Territoire libre de Trieste Italie travel",
    "is_french": false
  },
  {
    "name": "Münster",
    "subtitle": "Allemagne",
    "country": "Allemagne",
    "image_url": "http://localhost:8000/static/images/destinations/151_Münster.jpg",
    "image_keyword": "Münster Allemagne travel",
    "is_french": false
  },
  {
    "name": "Mannheim",
    "subtitle": "Allemagne",
    "country": "Allemagne",
    "image_url": "http://localhost:8000/static/images/destinations/152_Mannheim.jpg",
    "image_keyword": "Mannheim Allemagne travel",
    "is_french": false
  },
  {
    "name": "Bari",
    "subtitle": "Italie",
    "country": "Italie",
    "image_url": "http://localhost:8000/static/images/destinations/153_Bari.jpg",
    "image_keyword": "Bari Italie travel",
    "is_french": false
  },
  {
    "name": "Catane",
    "subtitle": "Italie",
    "country": "Italie",
    "image_url": "http://localhost:8000/static/images/destinations/154_Catane.jpg",
    "image_keyword": "Catane Italie travel",
    "is_french": false
  },
  {
    "name": "Karlsruhe",
    "subtitle": "Allemagne",
    "country": "Allemagne",
    "image_url": "http://localhost:8000/static/images/destinations/155_Karlsruhe.jpg",
    "image_keyword": "Karlsruhe Allemagne travel",
    "is_french": false
  },
  {
    "name": "Augsbourg",
    "subtitle": "Allemagne",
    "country": "Allemagne",
    "image_url": "http://localhost:8000/static/images/destinations/156_Augsbourg.jpg",
    "image_keyword": "Augsbourg Allemagne travel",
    "is_french": false
  },
  {
    "name": "Newcastle upon Tyne",
    "subtitle": "Royaume-Uni",
    "country": "Royaume-Uni",
    "image_url": "http://localhost:8000/static/images/destinations/157_NewcastleuponTyne.jpg",
    "image_keyword": "Newcastle upon Tyne Royaume-Uni travel",
    "is_french": false
  },
  {
    "name": "Las Palmas de Gran Canaria",
    "subtitle": "Espagne",
    "country": "Espagne",
    "image_url": "http://localhost:8000/static/images/destinations/158_LasPalmasdeGranCanaria.jpg",
    "image_keyword": "Las Palmas de Gran Canaria Espagne travel",
    "is_french": false
  },
  {
    "name": "Bradford",
    "subtitle": "Royaume-Uni",
    "country": "Royaume-Uni",
    "image_url": "http://localhost:8000/static/images/destinations/159_Bradford.jpg",
    "image_keyword": "Bradford Royaume-Uni travel",
    "is_french": false
  },
  {
    "name": "Graz",
    "subtitle": "Autriche",
    "country": "Autriche",
    "image_url": "http://localhost:8000/static/images/destinations/160_Graz.jpg",
    "image_keyword": "Graz Autriche travel",
    "is_french": false
  },
  {
    "name": "Valladolid city",
    "subtitle": "Espagne",
    "country": "Espagne",
    "image_url": null,
    "image_keyword": "Valladolid city Espagne travel",
    "is_french": false
  },
  {
    "name": "Córdoba",
    "subtitle": "Espagne",
    "country": "Espagne",
    "image_url": null,
    "image_keyword": "Córdoba Espagne travel",
    "is_french": false
  },
  {
    "name": "Nottingham",
    "subtitle": "Royaume-Uni",
    "country": "Royaume-Uni",
    "image_url": "http://localhost:8000/static/images/destinations/163_Nottingham.jpg",
    "image_keyword": "Nottingham Royaume-Uni travel",
    "is_french": false
  },
  {
    "name": "Wiesbaden",
    "subtitle": "Allemagne",
    "country": "Allemagne",
    "image_url": "http://localhost:8000/static/images/destinations/164_Wiesbaden.jpg",
    "image_keyword": "Wiesbaden Allemagne travel",
    "is_french": false
  },
  {
    "name": "Bolton",
    "subtitle": "Royaume-Uni",
    "country": "Royaume-Uni",
    "image_url": "http://localhost:8000/static/images/destinations/165_Bolton.jpg",
    "image_keyword": "Bolton Royaume-Uni travel",
    "is_french": false
  },
  {
    "name": "L'Hospitalet de Llobregat",
    "subtitle": "Espagne",
    "country": "Espagne",
    "image_url": "http://localhost:8000/static/images/destinations/166_LHospitaletdeLlobregat.jpg",
    "image_keyword": "L'Hospitalet de Llobregat Espagne travel",
    "is_french": false
  },
  {
    "name": "Sunderland",
    "subtitle": "Royaume-Uni",
    "country": "Royaume-Uni",
    "image_url": "http://localhost:8000/static/images/destinations/167_Sunderland.jpg",
    "image_keyword": "Sunderland Royaume-Uni travel",
    "is_french": false
  },
  {
    "name": "Brighton et Hove",
    "subtitle": "Royaume-Uni",
    "country": "Royaume-Uni",
    "image_url": "http://localhost:8000/static/images/destinations/168_BrightonetHove.jpg",
    "image_keyword": "Brighton et Hove Royaume-Uni travel",
    "is_french": false
  },
  {
    "name": "Gand",
    "subtitle": "Belgique",
    "country": "Belgique",
    "image_url": "http://localhost:8000/static/images/destinations/169_Gand.jpg",
    "image_keyword": "Gand Belgique travel",
    "is_french": false
  },
  {
    "name": "Southampton",
    "subtitle": "Royaume-Uni",
    "country": "Royaume-Uni",
    "image_url": "http://localhost:8000/static/images/destinations/170_Southampton.jpg",
    "image_keyword": "Southampton Royaume-Uni travel",
    "is_french": false
  },
  {
    "name": "Mönchengladbach",
    "subtitle": "Allemagne",
    "country": "Allemagne",
    "image_url": "http://localhost:8000/static/images/destinations/171_Mönchengladbach.jpg",
    "image_keyword": "Mönchengladbach Allemagne travel",
    "is_french": false
  },
  {
    "name": "Plymouth",
    "subtitle": "Royaume-Uni",
    "country": "Royaume-Uni",
    "image_url": "http://localhost:8000/static/images/destinations/172_Plymouth.jpg",
    "image_keyword": "Plymouth Royaume-Uni travel",
    "is_french": false
  },
  {
    "name": "Gelsenkirchen",
    "subtitle": "Allemagne",
    "country": "Allemagne",
    "image_url": "http://localhost:8000/static/images/destinations/173_Gelsenkirchen.jpg",
    "image_keyword": "Gelsenkirchen Allemagne travel",
    "is_french": false
  },
  {
    "name": "Milton Keynes",
    "subtitle": "Royaume-Uni",
    "country": "Royaume-Uni",
    "image_url": "http://localhost:8000/static/images/destinations/174_MiltonKeynes.jpg",
    "image_keyword": "Milton Keynes Royaume-Uni travel",
    "is_french": false
  },
  {
    "name": "Kingston-upon-Hull",
    "subtitle": "Royaume-Uni",
    "country": "Royaume-Uni",
    "image_url": "http://localhost:8000/static/images/destinations/175_Kingston-upon-Hull.jpg",
    "image_keyword": "Kingston-upon-Hull Royaume-Uni travel",
    "is_french": false
  },
  {
    "name": "Stoke-on-Trent",
    "subtitle": "Royaume-Uni",
    "country": "Royaume-Uni",
    "image_url": "http://localhost:8000/static/images/destinations/176_Stoke-on-Trent.jpg",
    "image_keyword": "Stoke-on-Trent Royaume-Uni travel",
    "is_french": false
  },
  {
    "name": "Vérone",
    "subtitle": "Italie",
    "country": "Italie",
    "image_url": "http://localhost:8000/static/images/destinations/177_Vérone.jpg",
    "image_keyword": "Vérone Italie travel",
    "is_french": false
  },
  {
    "name": "Vatican",
    "subtitle": "Vatican",
    "country": "Vatican",
    "image_url": "http://localhost:8000/static/images/destinations/178_Vatican.jpg",
    "image_keyword": "Vatican Vatican travel",
    "is_french": false
  },
  {
    "name": "Moscou",
    "subtitle": "Russie",
    "country": "Russie",
    "image_url": "http://localhost:8000/static/images/destinations/179_Moscou.jpg",
    "image_keyword": "Moscou Russie travel",
    "is_french": false
  },
  {
    "name": "Singapour",
    "subtitle": "Singapour",
    "country": "Singapour",
    "image_url": "http://localhost:8000/static/images/destinations/180_Singapour.jpg",
    "image_keyword": "Singapour Singapour travel",
    "is_french": false
  },
  {
    "name": "New York",
    "subtitle": "États-Unis",
    "country": "États-Unis",
    "image_url": "http://localhost:8000/static/images/destinations/181_NewYork.jpg",
    "image_keyword": "New York États-Unis travel",
    "is_french": false
  },
  {
    "name": "Monaco",
    "subtitle": "Monaco",
    "country": "Monaco",
    "image_url": "http://localhost:8000/static/images/destinations/182_Monaco.jpg",
    "image_keyword": "Monaco Monaco travel",
    "is_french": false
  },
  {
    "name": "Tokyo",
    "subtitle": "Japon",
    "country": "Japon",
    "image_url": "http://localhost:8000/static/images/destinations/183_Tokyo.jpg",
    "image_keyword": "Tokyo Japon travel",
    "is_french": false
  },
  {
    "name": "Pékin",
    "subtitle": "République populaire de Chine",
    "country": "République populaire de Chine",
    "image_url": "http://localhost:8000/static/images/destinations/184_Pékin.jpg",
    "image_keyword": "Pékin République populaire de Chine travel",
    "is_french": false
  },
  {
    "name": "Rio de Janeiro",
    "subtitle": "Brésil",
    "country": "Brésil",
    "image_url": "http://localhost:8000/static/images/destinations/185_RiodeJaneiro.jpg",
    "image_keyword": "Rio de Janeiro Brésil travel",
    "is_french": false
  },
  {
    "name": "Hong Kong",
    "subtitle": "République populaire de Chine",
    "country": "République populaire de Chine",
    "image_url": "http://localhost:8000/static/images/destinations/186_HongKong.jpg",
    "image_keyword": "Hong Kong République populaire de Chine travel",
    "is_french": false
  },
  {
    "name": "Washington",
    "subtitle": "États-Unis",
    "country": "États-Unis",
    "image_url": "http://localhost:8000/static/images/destinations/187_Washington.jpg",
    "image_keyword": "Washington États-Unis travel",
    "is_french": false
  },
  {
    "name": "Jérusalem",
    "subtitle": "Israël",
    "country": "Israël",
    "image_url": "http://localhost:8000/static/images/destinations/188_Jérusalem.jpg",
    "image_keyword": "Jérusalem Israël travel",
    "is_french": false
  },
  {
    "name": "Jérusalem",
    "subtitle": "État de Palestine",
    "country": "État de Palestine",
    "image_url": "http://localhost:8000/static/images/destinations/189_Jérusalem.jpg",
    "image_keyword": "Jérusalem État de Palestine travel",
    "is_french": false
  },
  {
    "name": "Helsinki",
    "subtitle": "Finlande",
    "country": "Finlande",
    "image_url": "http://localhost:8000/static/images/destinations/190_Helsinki.jpg",
    "image_keyword": "Helsinki Finlande travel",
    "is_french": false
  },
  {
    "name": "Varsovie",
    "subtitle": "Pologne",
    "country": "Pologne",
    "image_url": "http://localhost:8000/static/images/destinations/191_Varsovie.jpg",
    "image_keyword": "Varsovie Pologne travel",
    "is_french": false
  },
  {
    "name": "Istanbul",
    "subtitle": "Turquie",
    "country": "Turquie",
    "image_url": "http://localhost:8000/static/images/destinations/192_Istanbul.jpg",
    "image_keyword": "Istanbul Turquie travel",
    "is_french": false
  },
  {
    "name": "Athènes",
    "subtitle": "Grèce",
    "country": "Grèce",
    "image_url": "http://localhost:8000/static/images/destinations/193_Athènes.jpg",
    "image_keyword": "Athènes Grèce travel",
    "is_french": false
  },
  {
    "name": "Edirne",
    "subtitle": "Turquie",
    "country": "Turquie",
    "image_url": "http://localhost:8000/static/images/destinations/194_Edirne.jpg",
    "image_keyword": "Edirne Turquie travel",
    "is_french": false
  },
  {
    "name": "Tirana",
    "subtitle": "Albanie",
    "country": "Albanie",
    "image_url": "http://localhost:8000/static/images/destinations/195_Tirana.jpg",
    "image_keyword": "Tirana Albanie travel",
    "is_french": false
  },
  {
    "name": "Amsterdam",
    "subtitle": "Pays-Bas",
    "country": "Pays-Bas",
    "image_url": "http://localhost:8000/static/images/destinations/196_Amsterdam.jpg",
    "image_keyword": "Amsterdam Pays-Bas travel",
    "is_french": false
  },
  {
    "name": "Los Angeles",
    "subtitle": "États-Unis",
    "country": "États-Unis",
    "image_url": "http://localhost:8000/static/images/destinations/197_LosAngeles.jpg",
    "image_keyword": "Los Angeles États-Unis travel",
    "is_french": false
  },
  {
    "name": "Bogota",
    "subtitle": "Colombie",
    "country": "Colombie",
    "image_url": "http://localhost:8000/static/images/destinations/198_Bogota.jpg",
    "image_keyword": "Bogota Colombie travel",
    "is_french": false
  },
  {
    "name": "Stockholm",
    "subtitle": "Suède",
    "country": "Suède",
    "image_url": "http://localhost:8000/static/images/destinations/199_Stockholm.jpg",
    "image_keyword": "Stockholm Suède travel",
    "is_french": false
  },
  {
    "name": "Chicago",
    "subtitle": "États-Unis",
    "country": "États-Unis",
    "image_url": "http://localhost:8000/static/images/destinations/200_Chicago.jpg",
    "image_keyword": "Chicago États-Unis travel",
    "is_french": false
  },
  {
    "name": "Buenos Aires",
    "subtitle": "Argentine",
    "country": "Argentine",
    "image_url": "http://localhost:8000/static/images/destinations/201_BuenosAires.jpg",
    "image_keyword": "Buenos Aires Argentine travel",
    "is_french": false
  },
  {
    "name": "Santiago",
    "subtitle": "Chili",
    "country": "Chili",
    "image_url": "http://localhost:8000/static/images/destinations/202_Santiago.jpg",
    "image_keyword": "Santiago Chili travel",
    "is_french": false
  },
  {
    "name": "Kiev",
    "subtitle": "Ukraine",
    "country": "Ukraine",
    "image_url": "http://localhost:8000/static/images/destinations/203_Kiev.jpg",
    "image_keyword": "Kiev Ukraine travel",
    "is_french": false
  },
  {
    "name": "Saint-Pétersbourg",
    "subtitle": "Russie",
    "country": "Russie",
    "image_url": "http://localhost:8000/static/images/destinations/204_Saint-Pétersbourg.jpg",
    "image_keyword": "Saint-Pétersbourg Russie travel",
    "is_french": false
  },
  {
    "name": "Prague",
    "subtitle": "Tchéquie",
    "country": "Tchéquie",
    "image_url": "http://localhost:8000/static/images/destinations/205_Prague.jpg",
    "image_keyword": "Prague Tchéquie travel",
    "is_french": false
  },
  {
    "name": "Lisbonne",
    "subtitle": "Portugal",
    "country": "Portugal",
    "image_url": "http://localhost:8000/static/images/destinations/206_Lisbonne.jpg",
    "image_keyword": "Lisbonne Portugal travel",
    "is_french": false
  },
  {
    "name": "Curitiba",
    "subtitle": "Brésil",
    "country": "Brésil",
    "image_url": "http://localhost:8000/static/images/destinations/207_Curitiba.jpg",
    "image_keyword": "Curitiba Brésil travel",
    "is_french": false
  },
  {
    "name": "Kyoto",
    "subtitle": "Japon",
    "country": "Japon",
    "image_url": "http://localhost:8000/static/images/destinations/208_Kyoto.jpg",
    "image_keyword": "Kyoto Japon travel",
    "is_french": false
  },
  {
    "name": "Sydney",
    "subtitle": "Australie",
    "country": "Australie",
    "image_url": "http://localhost:8000/static/images/destinations/209_Sydney.jpg",
    "image_keyword": "Sydney Australie travel",
    "is_french": false
  },
  {
    "name": "Hô Chi Minh-Ville",
    "subtitle": "Vietnam",
    "country": "Vietnam",
    "image_url": "http://localhost:8000/static/images/destinations/210_HôChiMinh-Ville.jpg",
    "image_keyword": "Hô Chi Minh-Ville Vietnam travel",
    "is_french": false
  },
  {
    "name": "Bangkok",
    "subtitle": "Thaïlande",
    "country": "Thaïlande",
    "image_url": "http://localhost:8000/static/images/destinations/211_Bangkok.jpg",
    "image_keyword": "Bangkok Thaïlande travel",
    "is_french": false
  },
  {
    "name": "Bangkok",
    "subtitle": "Royaume d'Ayutthaya",
    "country": "Royaume d'Ayutthaya",
    "image_url": "http://localhost:8000/static/images/destinations/212_Bangkok.jpg",
    "image_keyword": "Bangkok Royaume d'Ayutthaya travel",
    "is_french": false
  },
  {
    "name": "Bangkok",
    "subtitle": "dynastie Konbaung",
    "country": "dynastie Konbaung",
    "image_url": "http://localhost:8000/static/images/destinations/213_Bangkok.jpg",
    "image_keyword": "Bangkok dynastie Konbaung travel",
    "is_french": false
  },
  {
    "name": "Bangkok",
    "subtitle": "Royaume de Thonburi",
    "country": "Royaume de Thonburi",
    "image_url": "http://localhost:8000/static/images/destinations/214_Bangkok.jpg",
    "image_keyword": "Bangkok Royaume de Thonburi travel",
    "is_french": false
  },
  {
    "name": "Bangkok",
    "subtitle": "Royaume de Rattanakosin",
    "country": "Royaume de Rattanakosin",
    "image_url": "http://localhost:8000/static/images/destinations/215_Bangkok.jpg",
    "image_keyword": "Bangkok Royaume de Rattanakosin travel",
    "is_french": false
  },
  {
    "name": "Budapest",
    "subtitle": "Hongrie",
    "country": "Hongrie",
    "image_url": "http://localhost:8000/static/images/destinations/216_Budapest.jpg",
    "image_keyword": "Budapest Hongrie travel",
    "is_french": false
  },
  {
    "name": "Le Caire",
    "subtitle": "Égypte",
    "country": "Égypte",
    "image_url": "http://localhost:8000/static/images/destinations/217_LeCaire.jpg",
    "image_keyword": "Le Caire Égypte travel",
    "is_french": false
  },
  {
    "name": "São Paulo",
    "subtitle": "Brésil",
    "country": "Brésil",
    "image_url": "http://localhost:8000/static/images/destinations/218_SãoPaulo.jpg",
    "image_keyword": "São Paulo Brésil travel",
    "is_french": false
  },
  {
    "name": "Mexico",
    "subtitle": "Mexique",
    "country": "Mexique",
    "image_url": "http://localhost:8000/static/images/destinations/219_Mexico.jpg",
    "image_keyword": "Mexico Mexique travel",
    "is_french": false
  },
  {
    "name": "Séoul",
    "subtitle": "Corée du Sud",
    "country": "Corée du Sud",
    "image_url": "http://localhost:8000/static/images/destinations/220_Séoul.jpg",
    "image_keyword": "Séoul Corée du Sud travel",
    "is_french": false
  },
  {
    "name": "Jakarta",
    "subtitle": "Indonésie",
    "country": "Indonésie",
    "image_url": "http://localhost:8000/static/images/destinations/221_Jakarta.jpg",
    "image_keyword": "Jakarta Indonésie travel",
    "is_french": false
  },
  {
    "name": "Bagdad",
    "subtitle": "Irak",
    "country": "Irak",
    "image_url": "http://localhost:8000/static/images/destinations/222_Bagdad.jpg",
    "image_keyword": "Bagdad Irak travel",
    "is_french": false
  },
  {
    "name": "Shanghai",
    "subtitle": "République populaire de Chine",
    "country": "République populaire de Chine",
    "image_url": "http://localhost:8000/static/images/destinations/223_Shanghai.jpg",
    "image_keyword": "Shanghai République populaire de Chine travel",
    "is_french": false
  },
  {
    "name": "Copenhague",
    "subtitle": "Danemark",
    "country": "Danemark",
    "image_url": "http://localhost:8000/static/images/destinations/224_Copenhague.jpg",
    "image_keyword": "Copenhague Danemark travel",
    "is_french": false
  },
  {
    "name": "Bakou",
    "subtitle": "Azerbaïdjan",
    "country": "Azerbaïdjan",
    "image_url": "http://localhost:8000/static/images/destinations/225_Bakou.jpg",
    "image_keyword": "Bakou Azerbaïdjan travel",
    "is_french": false
  },
  {
    "name": "Valparaíso",
    "subtitle": "Chili",
    "country": "Chili",
    "image_url": "http://localhost:8000/static/images/destinations/226_Valparaíso.jpg",
    "image_keyword": "Valparaíso Chili travel",
    "is_french": false
  },
  {
    "name": "Oslo",
    "subtitle": "Norvège",
    "country": "Norvège",
    "image_url": "http://localhost:8000/static/images/destinations/227_Oslo.jpg",
    "image_keyword": "Oslo Norvège travel",
    "is_french": false
  },
  {
    "name": "Ankara",
    "subtitle": "Turquie",
    "country": "Turquie",
    "image_url": "http://localhost:8000/static/images/destinations/228_Ankara.jpg",
    "image_keyword": "Ankara Turquie travel",
    "is_french": false
  },
  {
    "name": "Damas",
    "subtitle": "Syrie",
    "country": "Syrie",
    "image_url": "http://localhost:8000/static/images/destinations/229_Damas.jpg",
    "image_keyword": "Damas Syrie travel",
    "is_french": false
  },
  {
    "name": "Bucarest",
    "subtitle": "Roumanie",
    "country": "Roumanie",
    "image_url": "http://localhost:8000/static/images/destinations/230_Bucarest.jpg",
    "image_keyword": "Bucarest Roumanie travel",
    "is_french": false
  },
  {
    "name": "Bruxelles",
    "subtitle": "Belgique",
    "country": "Belgique",
    "image_url": "http://localhost:8000/static/images/destinations/231_Bruxelles.jpg",
    "image_keyword": "Bruxelles Belgique travel",
    "is_french": false
  },
  {
    "name": "Dublin",
    "subtitle": "Irlande",
    "country": "Irlande",
    "image_url": "http://localhost:8000/static/images/destinations/232_Dublin.jpg",
    "image_keyword": "Dublin Irlande travel",
    "is_french": false
  },
  {
    "name": "Téhéran",
    "subtitle": "Iran",
    "country": "Iran",
    "image_url": "http://localhost:8000/static/images/destinations/233_Téhéran.jpg",
    "image_keyword": "Téhéran Iran travel",
    "is_french": false
  },
  {
    "name": "Nairobi",
    "subtitle": "Kenya",
    "country": "Kenya",
    "image_url": "http://localhost:8000/static/images/destinations/234_Nairobi.jpg",
    "image_keyword": "Nairobi Kenya travel",
    "is_french": false
  },
  {
    "name": "San Francisco",
    "subtitle": "États-Unis",
    "country": "États-Unis",
    "image_url": "http://localhost:8000/static/images/destinations/235_SanFrancisco.jpg",
    "image_keyword": "San Francisco États-Unis travel",
    "is_french": false
  },
  {
    "name": "Đồng Hới",
    "subtitle": "Vietnam",
    "country": "Vietnam",
    "image_url": "http://localhost:8000/static/images/destinations/236_ĐồngHới.jpg",
    "image_keyword": "Đồng Hới Vietnam travel",
    "is_french": false
  },
  {
    "name": "Vilnius",
    "subtitle": "Lituanie",
    "country": "Lituanie",
    "image_url": "http://localhost:8000/static/images/destinations/237_Vilnius.jpg",
    "image_keyword": "Vilnius Lituanie travel",
    "is_french": false
  },
  {
    "name": "Concepción",
    "subtitle": "Chili",
    "country": "Chili",
    "image_url": "http://localhost:8000/static/images/destinations/238_Concepción.jpg",
    "image_keyword": "Concepción Chili travel",
    "is_french": false
  },
  {
    "name": "Tallinn",
    "subtitle": "Estonie",
    "country": "Estonie",
    "image_url": "http://localhost:8000/static/images/destinations/239_Tallinn.jpg",
    "image_keyword": "Tallinn Estonie travel",
    "is_french": false
  },
  {
    "name": "Belgrade",
    "subtitle": "Serbie",
    "country": "Serbie",
    "image_url": "http://localhost:8000/static/images/destinations/240_Belgrade.jpg",
    "image_keyword": "Belgrade Serbie travel",
    "is_french": false
  },
  {
    "name": "Minsk",
    "subtitle": "Biélorussie",
    "country": "Biélorussie",
    "image_url": "http://localhost:8000/static/images/destinations/241_Minsk.jpg",
    "image_keyword": "Minsk Biélorussie travel",
    "is_french": false
  },
  {
    "name": "Ottawa",
    "subtitle": "Canada",
    "country": "Canada",
    "image_url": "http://localhost:8000/static/images/destinations/242_Ottawa.jpg",
    "image_keyword": "Ottawa Canada travel",
    "is_french": false
  },
  {
    "name": "Uetersen",
    "subtitle": "Allemagne",
    "country": "Allemagne",
    "image_url": "http://localhost:8000/static/images/destinations/243_Uetersen.jpg",
    "image_keyword": "Uetersen Allemagne travel",
    "is_french": false
  },
  {
    "name": "Brasilia",
    "subtitle": "Brésil",
    "country": "Brésil",
    "image_url": "http://localhost:8000/static/images/destinations/244_Brasilia.jpg",
    "image_keyword": "Brasilia Brésil travel",
    "is_french": false
  },
  {
    "name": "Tbilissi",
    "subtitle": "Géorgie",
    "country": "Géorgie",
    "image_url": "http://localhost:8000/static/images/destinations/245_Tbilissi.jpg",
    "image_keyword": "Tbilissi Géorgie travel",
    "is_french": false
  },
  {
    "name": "Venise",
    "subtitle": "Italie",
    "country": "Italie",
    "image_url": "http://localhost:8000/static/images/destinations/246_Venise.jpg",
    "image_keyword": "Venise Italie travel",
    "is_french": false
  },
  {
    "name": "Sofia",
    "subtitle": "Bulgarie",
    "country": "Bulgarie",
    "image_url": "http://localhost:8000/static/images/destinations/247_Sofia.jpg",
    "image_keyword": "Sofia Bulgarie travel",
    "is_french": false
  },
  {
    "name": "Riga",
    "subtitle": "Lettonie",
    "country": "Lettonie",
    "image_url": "http://localhost:8000/static/images/destinations/248_Riga.jpg",
    "image_keyword": "Riga Lettonie travel",
    "is_french": false
  },
  {
    "name": "Bombay",
    "subtitle": "Inde",
    "country": "Inde",
    "image_url": "http://localhost:8000/static/images/destinations/249_Bombay.jpg",
    "image_keyword": "Bombay Inde travel",
    "is_french": false
  },
  {
    "name": "Gibraltar",
    "subtitle": "Royaume-Uni",
    "country": "Royaume-Uni",
    "image_url": "http://localhost:8000/static/images/destinations/250_Gibraltar.jpg",
    "image_keyword": "Gibraltar Royaume-Uni travel",
    "is_french": false
  },
  {
    "name": "Bratislava",
    "subtitle": "Slovaquie",
    "country": "Slovaquie",
    "image_url": "http://localhost:8000/static/images/destinations/251_Bratislava.jpg",
    "image_keyword": "Bratislava Slovaquie travel",
    "is_french": false
  },
  {
    "name": "Macao",
    "subtitle": "République populaire de Chine",
    "country": "République populaire de Chine",
    "image_url": "http://localhost:8000/static/images/destinations/252_Macao.jpg",
    "image_keyword": "Macao République populaire de Chine travel",
    "is_french": false
  },
  {
    "name": "Lima",
    "subtitle": "Pérou",
    "country": "Pérou",
    "image_url": "http://localhost:8000/static/images/destinations/253_Lima.jpg",
    "image_keyword": "Lima Pérou travel",
    "is_french": false
  },
  {
    "name": "Kaboul",
    "subtitle": "Afghanistan",
    "country": "Afghanistan",
    "image_url": "http://localhost:8000/static/images/destinations/254_Kaboul.jpg",
    "image_keyword": "Kaboul Afghanistan travel",
    "is_french": false
  },
  {
    "name": "New Delhi",
    "subtitle": "Inde",
    "country": "Inde",
    "image_url": "http://localhost:8000/static/images/destinations/255_NewDelhi.jpg",
    "image_keyword": "New Delhi Inde travel",
    "is_french": false
  },
  {
    "name": "Dubaï",
    "subtitle": "Émirats arabes unis",
    "country": "Émirats arabes unis",
    "image_url": "http://localhost:8000/static/images/destinations/256_Dubaï.jpg",
    "image_keyword": "Dubaï Émirats arabes unis travel",
    "is_french": false
  },
  {
    "name": "Dacca",
    "subtitle": "Bangladesh",
    "country": "Bangladesh",
    "image_url": "http://localhost:8000/static/images/destinations/257_Dacca.jpg",
    "image_keyword": "Dacca Bangladesh travel",
    "is_french": false
  },
  {
    "name": "Osasco",
    "subtitle": "Brésil",
    "country": "Brésil",
    "image_url": "http://localhost:8000/static/images/destinations/258_Osasco.jpg",
    "image_keyword": "Osasco Brésil travel",
    "is_french": false
  },
  {
    "name": "Toronto",
    "subtitle": "Canada",
    "country": "Canada",
    "image_url": "http://localhost:8000/static/images/destinations/259_Toronto.jpg",
    "image_keyword": "Toronto Canada travel",
    "is_french": false
  },
  {
    "name": "Reykjavik",
    "subtitle": "Islande",
    "country": "Islande",
    "image_url": "http://localhost:8000/static/images/destinations/260_Reykjavik.jpg",
    "image_keyword": "Reykjavik Islande travel",
    "is_french": false
  },
  {
    "name": "Kuala Lumpur",
    "subtitle": "Malaisie",
    "country": "Malaisie",
    "image_url": "http://localhost:8000/static/images/destinations/261_KualaLumpur.jpg",
    "image_keyword": "Kuala Lumpur Malaisie travel",
    "is_french": false
  },
  {
    "name": "Zagreb",
    "subtitle": "Croatie",
    "country": "Croatie",
    "image_url": "http://localhost:8000/static/images/destinations/262_Zagreb.jpg",
    "image_keyword": "Zagreb Croatie travel",
    "is_french": false
  },
  {
    "name": "Le Cap",
    "subtitle": "Afrique du Sud",
    "country": "Afrique du Sud",
    "image_url": "http://localhost:8000/static/images/destinations/263_LeCap.jpg",
    "image_keyword": "Le Cap Afrique du Sud travel",
    "is_french": false
  },
  {
    "name": "Sarajevo",
    "subtitle": "Bosnie-Herzégovine",
    "country": "Bosnie-Herzégovine",
    "image_url": "http://localhost:8000/static/images/destinations/264_Sarajevo.jpg",
    "image_keyword": "Sarajevo Bosnie-Herzégovine travel",
    "is_french": false
  },
  {
    "name": "Boston",
    "subtitle": "États-Unis",
    "country": "États-Unis",
    "image_url": "http://localhost:8000/static/images/destinations/265_Boston.jpg",
    "image_keyword": "Boston États-Unis travel",
    "is_french": false
  },
  {
    "name": "Beyrouth",
    "subtitle": "Liban",
    "country": "Liban",
    "image_url": "http://localhost:8000/static/images/destinations/266_Beyrouth.jpg",
    "image_keyword": "Beyrouth Liban travel",
    "is_french": false
  },
  {
    "name": "Caracas",
    "subtitle": "Venezuela",
    "country": "Venezuela",
    "image_url": "http://localhost:8000/static/images/destinations/267_Caracas.jpg",
    "image_keyword": "Caracas Venezuela travel",
    "is_french": false
  },
  {
    "name": "Astana",
    "subtitle": "Kazakhstan",
    "country": "Kazakhstan",
    "image_url": null,
    "image_keyword": "Astana Kazakhstan travel",
    "is_french": false
  },
  {
    "name": "Erevan",
    "subtitle": "Arménie",
    "country": "Arménie",
    "image_url": "http://localhost:8000/static/images/destinations/269_Erevan.jpg",
    "image_keyword": "Erevan Arménie travel",
    "is_french": false
  },
  {
    "name": "Canberra",
    "subtitle": "Australie",
    "country": "Australie",
    "image_url": "http://localhost:8000/static/images/destinations/270_Canberra.jpg",
    "image_keyword": "Canberra Australie travel",
    "is_french": false
  },
  {
    "name": "Manille",
    "subtitle": "Philippines",
    "country": "Philippines",
    "image_url": "http://localhost:8000/static/images/destinations/271_Manille.jpg",
    "image_keyword": "Manille Philippines travel",
    "is_french": false
  },
  {
    "name": "Monte Águila",
    "subtitle": "Chili",
    "country": "Chili",
    "image_url": "http://localhost:8000/static/images/destinations/272_MonteÁguila.jpg",
    "image_keyword": "Monte Águila Chili travel",
    "is_french": false
  },
  {
    "name": "Atlanta",
    "subtitle": "États-Unis",
    "country": "États-Unis",
    "image_url": "http://localhost:8000/static/images/destinations/273_Atlanta.jpg",
    "image_keyword": "Atlanta États-Unis travel",
    "is_french": false
  },
  {
    "name": "Berne",
    "subtitle": "Suisse",
    "country": "Suisse",
    "image_url": "http://localhost:8000/static/images/destinations/274_Berne.jpg",
    "image_keyword": "Berne Suisse travel",
    "is_french": false
  },
  {
    "name": "Alger",
    "subtitle": "Algérie",
    "country": "Algérie",
    "image_url": "http://localhost:8000/static/images/destinations/275_Alger.jpg",
    "image_keyword": "Alger Algérie travel",
    "is_french": false
  },
  {
    "name": "Kinshasa",
    "subtitle": "République démocratique du Congo",
    "country": "République démocratique du Congo",
    "image_url": "http://localhost:8000/static/images/destinations/276_Kinshasa.jpg",
    "image_keyword": "Kinshasa République démocratique du Congo travel",
    "is_french": false
  },
  {
    "name": "Karachi",
    "subtitle": "Pakistan",
    "country": "Pakistan",
    "image_url": "http://localhost:8000/static/images/destinations/277_Karachi.jpg",
    "image_keyword": "Karachi Pakistan travel",
    "is_french": false
  },
  {
    "name": "Montevideo",
    "subtitle": "Uruguay",
    "country": "Uruguay",
    "image_url": "http://localhost:8000/static/images/destinations/278_Montevideo.jpg",
    "image_keyword": "Montevideo Uruguay travel",
    "is_french": false
  },
  {
    "name": "Melbourne",
    "subtitle": "Australie",
    "country": "Australie",
    "image_url": "http://localhost:8000/static/images/destinations/279_Melbourne.jpg",
    "image_keyword": "Melbourne Australie travel",
    "is_french": false
  },
  {
    "name": "Ljubljana",
    "subtitle": "Slovénie",
    "country": "Slovénie",
    "image_url": "http://localhost:8000/static/images/destinations/280_Ljubljana.jpg",
    "image_keyword": "Ljubljana Slovénie travel",
    "is_french": false
  },
  {
    "name": "Philadelphie",
    "subtitle": "États-Unis",
    "country": "États-Unis",
    "image_url": "http://localhost:8000/static/images/destinations/281_Philadelphie.jpg",
    "image_keyword": "Philadelphie États-Unis travel",
    "is_french": false
  },
  {
    "name": "Nicosie",
    "subtitle": "Chypre",
    "country": "Chypre",
    "image_url": "http://localhost:8000/static/images/destinations/282_Nicosie.jpg",
    "image_keyword": "Nicosie Chypre travel",
    "is_french": false
  },
  {
    "name": "Delhi",
    "subtitle": "Inde",
    "country": "Inde",
    "image_url": "http://localhost:8000/static/images/destinations/283_Delhi.jpg",
    "image_keyword": "Delhi Inde travel",
    "is_french": false
  },
  {
    "name": "Miami",
    "subtitle": "États-Unis",
    "country": "États-Unis",
    "image_url": "http://localhost:8000/static/images/destinations/284_Miami.jpg",
    "image_keyword": "Miami États-Unis travel",
    "is_french": false
  },
  {
    "name": "Hanoï",
    "subtitle": "Vietnam",
    "country": "Vietnam",
    "image_url": "http://localhost:8000/static/images/destinations/285_Hanoï.jpg",
    "image_keyword": "Hanoï Vietnam travel",
    "is_french": false
  },
  {
    "name": "Addis-Abeba",
    "subtitle": "Éthiopie",
    "country": "Éthiopie",
    "image_url": "http://localhost:8000/static/images/destinations/286_Addis-Abeba.jpg",
    "image_keyword": "Addis-Abeba Éthiopie travel",
    "is_french": false
  },
  {
    "name": "Genève",
    "subtitle": "Suisse",
    "country": "Suisse",
    "image_url": "http://localhost:8000/static/images/destinations/287_Genève.jpg",
    "image_keyword": "Genève Suisse travel",
    "is_french": false
  },
  {
    "name": "Pyongyang",
    "subtitle": "Corée du Nord",
    "country": "Corée du Nord",
    "image_url": "http://localhost:8000/static/images/destinations/288_Pyongyang.jpg",
    "image_keyword": "Pyongyang Corée du Nord travel",
    "is_french": false
  },
  {
    "name": "Accra",
    "subtitle": "Ghana",
    "country": "Ghana",
    "image_url": "http://localhost:8000/static/images/destinations/289_Accra.jpg",
    "image_keyword": "Accra Ghana travel",
    "is_french": false
  },
  {
    "name": "La Havane",
    "subtitle": "Cuba",
    "country": "Cuba",
    "image_url": "http://localhost:8000/static/images/destinations/290_LaHavane.jpg",
    "image_keyword": "La Havane Cuba travel",
    "is_french": false
  },
  {
    "name": "Osaka",
    "subtitle": "Japon",
    "country": "Japon",
    "image_url": "http://localhost:8000/static/images/destinations/291_Osaka.jpg",
    "image_keyword": "Osaka Japon travel",
    "is_french": false
  },
  {
    "name": "Calcutta",
    "subtitle": "Inde",
    "country": "Inde",
    "image_url": "http://localhost:8000/static/images/destinations/292_Calcutta.jpg",
    "image_keyword": "Calcutta Inde travel",
    "is_french": false
  },
  {
    "name": "Katmandou",
    "subtitle": "Népal",
    "country": "Népal",
    "image_url": "http://localhost:8000/static/images/destinations/293_Katmandou.jpg",
    "image_keyword": "Katmandou Népal travel",
    "is_french": false
  },
  {
    "name": "Taipei",
    "subtitle": "Taïwan",
    "country": "Taïwan",
    "image_url": "http://localhost:8000/static/images/destinations/294_Taipei.jpg",
    "image_keyword": "Taipei Taïwan travel",
    "is_french": false
  },
  {
    "name": "Chișinău",
    "subtitle": "Moldavie",
    "country": "Moldavie",
    "image_url": "http://localhost:8000/static/images/destinations/295_Chișinău.jpg",
    "image_keyword": "Chișinău Moldavie travel",
    "is_french": false
  },
  {
    "name": "Las Vegas",
    "subtitle": "États-Unis",
    "country": "États-Unis",
    "image_url": "http://localhost:8000/static/images/destinations/296_LasVegas.jpg",
    "image_keyword": "Las Vegas États-Unis travel",
    "is_french": false
  },
  {
    "name": "Abuja",
    "subtitle": "Nigeria",
    "country": "Nigeria",
    "image_url": "http://localhost:8000/static/images/destinations/297_Abuja.jpg",
    "image_keyword": "Abuja Nigeria travel",
    "is_french": false
  }
]